1-28252015099^^451 Golden Four Dr Tugun QLD 4224^^28 Musgrave St Coolangatta QLD 4225^^Registered^^16/03/2018^^H.G ETHELL & C.A MACGEACHY^^Partnership^^16740908652
Nourishing Your World^^11 Spring Garden Ct Middle Ridge QLD 4350^^Middle Ridge QLD 4350^^Registered^^13/03/2017^^MELISSA ANNE DICKFOS^^Person^^23850847348
colour expert painting and decorating service^^54 Lytton St Wentworthville NSW 2145^^Wentworthville NSW 2145^^Registered^^23/04/2013^^ESMATULLAH Noori^^Person^^27273870602
Face Value & Co^^836 Plumpton Rd Wagga Wagga NSW 2650^^Wagga Wagga NSW 2650^^Registered^^8/08/2019^^KRISTIE CHARLTON^^Person^^14661748957
@ James's place^^312 Hamilton Rd Chermside QLD 4032^^4 Lomandra Dr Ashfield QLD 4670^^Registered^^20/05/2016^^The Trustee for Candice Family Trust^^Other Unincorporated Entity^^34422526568
Melbourne Star Painting and Decorating^^2 26 Heather Ct Glenroy VIC 3046^^2 26 Heather Ct Glenroy VIC 3046^^Registered^^7/03/2017^^MOHAMMED RIZA SAREGLOO^^Person^^39512379135
"H.U.G.S" Helping Us Give Support^^836 Plumpton Rd Wagga Wagga NSW 2650^^Wagga Wagga NSW 2650^^Registered^^8/08/2019^^KRISTIE CHARLTON^^Person^^14661748957
Surgeon's Cottage Morpeth^^171 Swan St Morpeth NSW 2321^^Morpeth NSW 2321^^Registered^^9/08/2013^^B.H STEVENS & H.K STEVENS^^Partnership^^54681763546
ISTANBUL FASHION^^603 Sydney Road Brunswick VIC 3056^^Brunswick VIC 3056^^Registered^^2/10/2018^^MOHAMMED RIZA SAREGLOO^^Person^^39512379135
Cronulla Sutherland Real Estate^^PO BOX 82 Caringbah NSW 1495 Australia^^Burraneer NSW 2230^^Registered^^25/10/2018^^STEPHEN JAMES VAUGHAN^^Person^^71259135597
Sutherland Shire Commercial Real Estate^^PO BOX 82 Caringbah NSW 1495 Australia^^Burraneer NSW 2230^^Registered^^26/10/2018^^STEPHEN JAMES VAUGHAN^^Person^^71259135597
1-33031330809^^203 29-31 Lexington Dr Bella Vista NSW 2153^^Level 1 205 Clarence St Sydney NSW 2000^^Registered^^15/05/2019^^OPTIMUM SYDNEY PROPERTIES PTY LTD^^Body Corporate^^71626133319
1ST CLASS CLEANERS QUEENSLAND^^20 Collingwood Ave Robina QLD 4226^^20 Collingwood Ave Robina QLD 4226^^Registered^^20/07/2016^^AAA GOODFELLAS PTY LTD^^Body Corporate^^74157765056
WALKING WITH AUTISM^^20 Collingwood Ave Robina QLD 4226^^20 Collingwood Ave Robina QLD 4226^^Registered^^28/05/2019^^AAA GOODFELLAS PTY LTD^^Body Corporate^^74157765056
kai moses^^39 Maralinga Dr Ashmore QLD 4214^^39 Maralinga Dr Ashmore QLD 4214^^Registered^^24/05/2019^^AAA GOODFELLAS PTY LTD^^Body Corporate^^74157765056
PACK & SEND SYDNEY CITY/ CLARENCE^^PO BOX 3512 Rouse Hill NSW 2155 Australia^^203 29-31 Lexington Dr Bella Vista NSW 2153^^Registered^^5/06/2019^^OPTIMUM SYDNEY PROPERTIES PTY LTD^^Body Corporate^^71626133319
PACK & SEND Sydney City - Clarence Street^^PO BOX 3512 Rouse Hill NSW 2155 Australia^^205 Clarence St Sydney NSW 2000^^Registered^^4/07/2019^^OPTIMUM SYDNEY PROPERTIES PTY LTD^^Body Corporate^^71626133319
In The Mixx Marketing^^11 Spring Garden Ct Middle Ridge QLD 4350^^Middle Ridge QLD 4350^^Registered^^16/02/2018^^MELISSA ANNE DICKFOS^^Person^^23850847348
3L's Drive School^^1 4 Grandview Gr Moorabbin VIC 3189^^1 4 Grandview Gr Moorabbin VIC 3189^^Registered^^4/01/2016^^LAUCHELL PTY. LTD.^^Body Corporate^^79079346106
Regional Roar^^11 Spring Garden Ct Middle Ridge QLD 4350^^Middle Ridge QLD 4350^^Registered^^22/11/2018^^Regional Roar JV^Melissa Melissa Dickfos^CATHERINE JULIE FOWLER^^Joint Venture^Person^Person^^^23850847348^22483754912
Regional Roar QLD^^11 Spring Garden Ct Middle Ridge QLD 4350^^Middle Ridge QLD 4350^^Registered^^21/10/2019^^MELISSA ANNE DICKFOS^^Person^^23850847348
Not Just Another Shop^^11 Spring Garden Ct Middle Ridge QLD 4350^^Middle Ridge QLD 4350^^Registered^^2/01/2020^^MELISSA ANNE DICKFOS^^Person^^23850847348
Starr Partners Bella Vista^^Level A8 24-32 Lexington Dr Bella Vista NSW 2153^^Level A8 24-32 Lexington Dr Bella Vista NSW 2153^^Registered^^5/06/2013^^OSCAR REAL ESTATE PTY LTD^^Body Corporate^^99161953662
OSCAR REAL ESTATE^^9 Peach Gdns Glenwood NSW 2768^^G10 29-31 LAXINGTON Dr BELLA VISTA NSW 2153^^Registered^^22/01/2013^^OSCAR REAL ESTATE PTY LTD^^Body Corporate^^99161953662
BASSENDEAN KEBAB & BAKERY^^7 61 Old Perth Rd Bassendean WA 6054^^7 61 Old Perth Rd Bassendean WA 6054^^Registered^^23/01/2017^^The Trustee for Majharul Family Trust^^Other Unincorporated Entity^^92134570236
ANZ EDUCATION & VISA SERVICES^^7 61 Old Perth Rd Bassendean WA 6054^^7 61 Old Perth Rd Bassendean WA 6054^^Registered^^27/09/2018^^The Trustee for Majharul Family Trust^^Other Unincorporated Entity^^92134570236
Wellness Lifestyle Coaching^^6 Ashcott St Kings Langley NSW 2147^^Kings Langley NSW 2147^^Registered^^23/10/2019^^SUNNY BROOKE MURDOCH^^Person^^13689780456
KARINYA FARM CAPE SCHANCK^^65 Long Point Rd Cape Schanck VIC 3939^^Cape Schanck VIC 3939^^Registered^^6/09/2018^^H ASHTON & P ASHTON^^Partnership^^85342032664
ZENOTIVE^^76 Girrawheen Ave Girrawheen WA 6064^^76 Girrawheen Ave Girrawheen WA 6064^^Registered^^14/05/2019^^The Trustee for Majharul Family Trust^^Other Unincorporated Entity^^92134570236
8 SLICE PIZZERIA^^76 Girrawheen Ave Girrawheen WA 6064^^7 61 Old Perth Rd Bassendean WA 6054^^Registered^^5/12/2019^^The Trustee for Majharul Family Trust^^Other Unincorporated Entity^^92134570236
888 Business Consultant^^80 152-164 Bulwara Rd Pyrmont NSW 2009^^Pyrmont NSW 2009^^Registered^^20/12/2016^^LAURENCE DIAZ^^Person^^57138535687
A Dingfelder^^100 Cornishs Rd Nyora VIC 3987^^Nyora VIC 3987^^Registered^^18/04/2013^^ASHLEY DINGFELDER^^Person^^27856763018
ON FIRE CAFE^^7 61 Old Perth Rd Bassendean WA 6054^^7 61 Old Perth Rd Bassendean WA 6054^^Registered^^19/09/2019^^The Trustee for Majharul Family Trust^^Other Unincorporated Entity^^92134570236^66393997535
A Munro Ag Contracting & Earthmoving^^963 Satimer Rd Wando Vale VIC 3312^^Wando Vale VIC 3312^^Registered^^18/08/2014^^ANGUS MUNRO^^Person^^31731512110
OUTBACK CHIROPRACTIC^^PO BOX 346 Moffat Beach QLD 4551 Australia^^13 BUCCLEUGH STREET - MOFFAT BEACH QLD 4551^^Registered^^16/05/2008^^ABSOLUTELY HEALTHY PTY LTD^^Body Corporate^^15103841827
A.B. PATERSON COLLEGE^^A B Paterson College 10 A B Paterson Dr Arundel QLD 4214^^A B Paterson College 10 A B Paterson Dr Arundel QLD 4214^^Registered^^2/08/2007^^A B PATERSON COLLEGE LIMITED^^Body Corporate^^38010996997
Barty's Place^^A B Paterson College 10 A B Paterson Dr Arundel QLD 4214^^A B Paterson College 10 A B Paterson Dr Arundel QLD 4214^^Registered^^12/12/2019^^A B PATERSON COLLEGE LIMITED^^Body Corporate^^38010996997
Little Swaggies^^A B Paterson College 10 A B Paterson Dr Arundel QLD 4214^^A B Paterson College 10 A B Paterson Dr Arundel QLD 4214^^Registered^^12/12/2019^^A B PATERSON COLLEGE LIMITED^^Body Corporate^^38010996997
Banjo and Friends^^A B Paterson College 10 A B Paterson Dr Arundel QLD 4214^^A B Paterson College 10 A B Paterson Dr Arundel QLD 4214^^Registered^^12/12/2019^^A B PATERSON COLLEGE LIMITED^^Body Corporate^^38010996997
A.B. PAterson College-International^^PO BOX 460 Helensvale Plaza QLD 4212 Australia^^A B Paterson College 10 A B Paterson Dr Arundel QLD 4214^^Registered^^12/12/2019^^A B PATERSON COLLEGE LIMITED^^Body Corporate^^38010996997
A Murphy Agencies^^1 Grasmere Ave Northmead NSW 2152^^Northmead NSW 2152^^Registered^^27/06/2014^^A Murphy & A MURPHY^^Partnership^^87736829465
A B Paterson Leadership Academy^^A B Paterson College 10 A B Paterson Dr Arundel QLD 4214^^A B Paterson College 10 A B Paterson Dr Arundel QLD 4214^^Registered^^12/12/2019^^A B PATERSON COLLEGE LIMITED^^Body Corporate^^38010996997
A B Paterson Educational Consultancy^^A B Paterson College 10 A B Paterson Dr Arundel QLD 4214^^A B Paterson College 10 A B Paterson Dr Arundel QLD 4214^^Registered^^12/12/2019^^A B PATERSON COLLEGE LIMITED^^Body Corporate^^38010996997
A B Paterson College Academy^^A B Paterson College 10 A B Paterson Dr Arundel QLD 4214^^A B Paterson College 10 A B Paterson Dr Arundel QLD 4214^^Registered^^12/12/2019^^A B PATERSON COLLEGE LIMITED^^Body Corporate^^38010996997
A B Paterson College Academic Academy^^A B Paterson College 10 A B Paterson Dr Arundel QLD 4214^^A B Paterson College 10 A B Paterson Dr Arundel QLD 4214^^Registered^^12/12/2019^^A B PATERSON COLLEGE LIMITED^^Body Corporate^^38010996997
A B Paterson College - New Zealand^^A B Paterson College 10 A B Paterson Dr Arundel QLD 4214^^A B Paterson College 10 A B Paterson Dr Arundel QLD 4214^^Registered^^12/12/2019^^A B PATERSON COLLEGE LIMITED^^Body Corporate^^38010996997
A B Paterson College - China^^A B Paterson College 10 A B Paterson Dr Arundel QLD 4214^^A B Paterson College 10 A B Paterson Dr Arundel QLD 4214^^Registered^^12/12/2019^^A B PATERSON COLLEGE LIMITED^^Body Corporate^^38010996997
ABP Matildas Place^^A B Paterson College 10 A B Paterson Dr Arundel QLD 4214^^A B Paterson College 10 A B Paterson Dr Arundel QLD 4214^^Registered^^13/12/2019^^A B PATERSON COLLEGE LIMITED^^Body Corporate^^38010996997
ABP Banjos Place^^A B Paterson College 10 A B Paterson Dr Arundel QLD 4214^^A B Paterson College 10 A B Paterson Dr Arundel QLD 4214^^Registered^^13/12/2019^^A B PATERSON COLLEGE LIMITED^^Body Corporate^^38010996997
A FREE LIFE CHIROPRACTIC^^PO BOX 346 MOFFAT BEACH QLD 4551 Australia^^Level 1 13 BUCCLEUGH St MOFFAT BEACH QLD 4551^^Registered^^18/02/2015^^ABSOLUTELY HEALTHY PTY LTD^^Body Corporate^^15103841827
A B Paterson College- Gold Coast Campus^^A B Paterson College 10 A B Paterson Dr Arundel QLD 4214^^A B Paterson College 10 A B Paterson Dr Arundel QLD 4214^^Registered^^20/12/2019^^A B PATERSON COLLEGE LIMITED^^Body Corporate^^38010996997
WOONGARRAH HOME SERVICES^^1 Ivory Cres . Woongarrah NSW 2259^^Woongarrah NSW 2259^^Registered^^30/09/2019^^A MURPHY & A MURPHY^^Partnership^^87736829465
A B Paterson College - Academy of Entrepreneurship^^A B Paterson College 10 A B Paterson Dr Arundel QLD 4214^^A B Paterson College 10 A B Paterson Dr Arundel QLD 4214^^Registered^^12/12/2019^^A B PATERSON COLLEGE LIMITED^^Body Corporate^^38010996997
Tec-WERX^^PO BOX 346 Moffat Beach QLD 4551 Australia^^1 2 Ormuz Ave Caloundra QLD 4551^^Registered^^13/12/2018^^ABSOLUTELY HEALTHY PTY LTD^^Body Corporate^^15103841827
V4U Financial Services^^10 Orbit Ct Woodcroft SA 5162^^10 Orbit Ct Woodcroft SA 5162^^Registered^^27/09/2017^^The Trustee for Chopra Family Trust^^Other Unincorporated Entity^^60843736762
Travel Stay Live^^52 McCarrs Creek Rd Church Point NSW 2105^^52 McCarrs Creek Rd Church Point NSW 2105^^Registered^^20/07/2018^^PRIVATE PROPERTY PTY LIMITED^^Body Corporate^^56098948915
Absolute carpentry solutions.^^1 Bellarine Cct Morwell VIC 3840^^Morwell VIC 3840^^Registered^^22/09/2019^^NEIL R POSTLETHWAITE^^Person^^31081989104
SILENT SCISSORZ^^23 Donnelly St Guildford NSW 2161^^1 Railway Pde Kogarah NSW 2217^^Registered^^7/11/2018^^AHMED ZEWEIN^^Person^^76643277300
Eco Coast^^52 McCarrs Creek Rd Church Point NSW 2105^^52 McCarrs Creek Rd Church Point NSW 2105^^Registered^^20/07/2018^^PRIVATE PROPERTY PTY LIMITED^^Body Corporate^^56098948915
EPS Electrical & Plumbing^^23 Verdon St Williamstown VIC 3016^^23 Verdon St Williamstown VIC 3016^^Registered^^3/03/2015^^EPS UNITED PTY LTD^^Body Corporate^^16158800796
Adam's Excavator & Bobcat Hire^^116 Meehan Ave Hammondville NSW 2170^^Hammondville NSW 2170^^Registered^^26/08/2014^^ADAM WILLIAM HOLLYMAN^^Person^^62962159711
Elite Power Services^^PO BOX 194 Williamstown VIC 3016 Australia^^23 Verdon St Williamstown VIC 3016^^Registered^^8/08/2017^^EPS UNITED PTY LTD^^Body Corporate^^16158800796
RU SEXY^^PO BOX 566 Greensborough VIC 3088 Australia^^11 Terrigal Pl Greensborough VIC 3088^^Registered^^26/09/2003^^WEB WOMBAT PTY LTD^^Body Corporate^^68075410623
WEBSELL^^PO BOX 566 Greensborough VIC 3088 Australia^^11 Terrigal Pl Greensborough VIC 3088^^Registered^^26/09/2003^^WEB WOMBAT PTY LTD^^Body Corporate^^68075410623
ASSOB INCUBATOR AUSTRALIA^^35 Hermitage Rd Auldana SA 5072^^35 Hermitage Rd Auldana SA 5072^^Registered^^12/05/2015^^ELITE COMMERCIAL WA PTY LTD^^Body Corporate^^60008028733
INTERNET CHOICE^^PO BOX 566 Greensborough VIC 3088 Australia^^11 Terrigal Pl Greensborough VIC 3088^^Registered^^26/09/2003^^WEB WOMBAT PTY LTD^^Body Corporate^^68075410623
NetIntercom Services^^PO BOX 566 Greensborough VIC 3088 Australia^^11 Terrigal Pl Greensborough VIC 3088^^Registered^^22/02/2013^^WEB WOMBAT PTY LTD^^Body Corporate^^68075410623
EPS United Plumbing^^23 Verdon St Williamstown VIC 3016^^23 Verdon St Williamstown VIC 3016^^Registered^^10/08/2017^^EPS UNITED PTY LTD^^Body Corporate^^16158800796
Onlinenewspaper.com.au^^PO BOX 566 Greensborough VIC 3088 Australia^^11 Terrigal Pl Greensborough VIC 3088^^Registered^^22/02/2013^^WEB WOMBAT PTY LTD^^Body Corporate^^68075410623
Coast holiday Rentals^^52 McCarrs Creek Rd Church Point NSW 2105^^52 McCarrs Creek Rd Church Point NSW 2105^^Registered^^20/07/2018^^PRIVATE PROPERTY PTY LIMITED^^Body Corporate^^56098948915
Adventure Coast^^52 McCarrs Creek Rd Church Point NSW 2105^^52 McCarrs Creek Rd Church Point NSW 2105^^Registered^^20/07/2018^^PRIVATE PROPERTY PTY LIMITED^^Body Corporate^^56098948915
Barrington Coast Holidays^^52 McCarrs Creek Rd Church Point NSW 2105^^52 McCarrs Creek Rd Church Point NSW 2105^^Registered^^20/07/2018^^PRIVATE PROPERTY PTY LIMITED^^Body Corporate^^56098948915
Coast Love Where You Live^^52 McCarrs Creek Rd Church Point NSW 2105^^52 McCarrs Creek Rd Church Point NSW 2105^^Registered^^20/07/2018^^PRIVATE PROPERTY PTY LIMITED^^Body Corporate^^56098948915
Barrington Coast Tours^^52 McCarrs Creek Rd Church Point NSW 2105^^52 McCarrs Creek Rd Church Point NSW 2105^^Registered^^22/07/2018^^PRIVATE PROPERTY PTY LIMITED^^Body Corporate^^56098948915
Coast Real Estate Network^^52 McCarrs Creek Rd Church Point NSW 2105^^52 McCarrs Creek Rd Church Point NSW 2105^^Registered^^20/07/2018^^PRIVATE PROPERTY PTY LIMITED^^Body Corporate^^56098948915
Barrington Coast Real Estate^^52 McCarrs Creek Rd Church Point NSW 2105^^52 McCarrs Creek Rd Church Point NSW 2105^^Registered^^20/07/2018^^PRIVATE PROPERTY PTY LIMITED^^Body Corporate^^56098948915
Barrington Coast Property Network^^52 McCarrs Creek Rd Church Point NSW 2105^^52 McCarrs Creek Rd Church Point NSW 2105^^Registered^^22/07/2018^^PRIVATE PROPERTY PTY LIMITED^^Body Corporate^^56098948915
Barrington Tours^^52 McCarrs Creek Rd Church Point NSW 2105^^52 McCarrs Creek Rd Church Point NSW 2105^^Registered^^27/07/2018^^PRIVATE PROPERTY PTY LIMITED^^Body Corporate^^56098948915
Barrington Coast Property Management^^52 McCarrs Creek Rd Church Point NSW 2105^^52 McCarrs Creek Rd Church Point NSW 2105^^Registered^^22/07/2018^^PRIVATE PROPERTY PTY LIMITED^^Body Corporate^^56098948915
Barrington Real Estate^^52 McCarrs Creek Rd Church Point NSW 2105^^52 McCarrs Creek Rd Church Point NSW 2105^^Registered^^27/07/2018^^PRIVATE PROPERTY PTY LIMITED^^Body Corporate^^56098948915
Barrington Coast Holiday Accommodations^^52 McCarrs Creek Rd Church Point NSW 2105^^52 McCarrs Creek Rd Church Point NSW 2105^^Registered^^22/07/2018^^PRIVATE PROPERTY PTY LIMITED^^Body Corporate^^56098948915
Barrington Property Management^^52 McCarrs Creek Rd Church Point NSW 2105^^52 McCarrs Creek Rd Church Point NSW 2105^^Registered^^27/07/2018^^PRIVATE PROPERTY PTY LIMITED^^Body Corporate^^56098948915
Barrington Holidays^^52 McCarrs Creek Rd Church Point NSW 2105^^52 McCarrs Creek Rd Church Point NSW 2105^^Registered^^31/07/2018^^PRIVATE PROPERTY PTY LIMITED^^Body Corporate^^56098948915
HOMSAFE^^52 McCarrs Creek Rd Church Point NSW 2105^^52 McCarrs Creek Rd Church Point NSW 2105^^Registered^^7/02/2019^^PRIVATE PROPERTY PTY LIMITED^^Body Corporate^^56098948915
HOMGUARD^^52 McCarrs Creek Rd Church Point NSW 2105^^52 McCarrs Creek Rd Church Point NSW 2105^^Registered^^7/02/2019^^PRIVATE PROPERTY PTY LIMITED^^Body Corporate^^56098948915
Blueys Pet Resort^^52 McCarrs Creek Rd Church Point NSW 2105^^96 Coomba Rd Charlotte Bay NSW 2428^^Registered^^16/04/2019^^PRIVATE PROPERTY PTY LIMITED^^Body Corporate^^56098948915
Barrington Coast  Accommodation Centre^^52 McCarrs Creek Rd Church Point NSW 2105^^52 McCarrs Creek Rd Church Point NSW 2105^^Registered^^27/07/2018^^PRIVATE PROPERTY PTY LIMITED^^Body Corporate^^56098948915
Barrington Accomodation^^52 McCarrs Creek Rd Church Point NSW 2105^^52 McCarrs Creek Rd Church Point NSW 2105^^Registered^^27/07/2018^^PRIVATE PROPERTY PTY LIMITED^^Body Corporate^^56098948915
Pooches Pet Resort Day Care and Grooming^^52 McCarrs Creek Rd Church Point NSW 2105^^96 Coomba Rd Charlotte Bay NSW 2428^^Registered^^17/04/2019^^PRIVATE PROPERTY PTY LIMITED^^Body Corporate^^56098948915
Barrington Coast Pet Resort^^52 McCarrs Creek Rd Church Point NSW 2105^^96 Coomba Rd Charlotte Bay NSW 2428^^Registered^^16/04/2019^^PRIVATE PROPERTY PTY LIMITED^^Body Corporate^^56098948915
Blueys Beach Pet Resort Day Care and Grooming^^52 McCarrs Creek Rd Church Point NSW 2105^^96 Coomba Rd Charlotte Bay NSW 2428^^Registered^^17/04/2019^^PRIVATE PROPERTY PTY LIMITED^^Body Corporate^^56098948915
Barrington Coast Weddings^^52 McCarrs Creek Rd Church Point NSW 2105^^52 McCarrs Creek Rd Church Point NSW 2105^^Registered^^2/06/2019^^PRIVATE PROPERTY PTY LIMITED^^Body Corporate^^56098948915
Barrington Coast Holiday Park^^52 McCarrs Creek Rd Church Point NSW 2105^^52 McCarrs Creek Rd Church Point NSW 2105^^Registered^^2/07/2019^^PRIVATE PROPERTY PTY LIMITED^^Body Corporate^^56098948915
Barrington Pet Resort^^52 McCarrs Creek Rd Church Point NSW 2105^^96 Coomba Rd Charlotte Bay NSW 2428^^Registered^^2/07/2019^^PRIVATE PROPERTY PTY LIMITED^^Body Corporate^^56098948915
Barrington Coast Events^^52 McCarrs Creek Rd Church Point NSW 2105^^52 McCarrs Creek Rd Church Point NSW 2105^^Registered^^2/06/2019^^PRIVATE PROPERTY PTY LIMITED^^Body Corporate^^56098948915
Barrington Coast Publishing^^52 McCarrs Creek Rd Church Point NSW 2105^^52 McCarrs Creek Rd Church Point NSW 2105^^Registered^^9/07/2019^^PRIVATE PROPERTY PTY LIMITED^^Body Corporate^^56098948915
Barrington Weddings^^52 McCarrs Creek Rd Church Point NSW 2105^^52 McCarrs Creek Rd Church Point NSW 2105^^Registered^^5/07/2019^^PRIVATE PROPERTY PTY LIMITED^^Body Corporate^^56098948915
Barrington Coast Caravan Park^^52 McCarrs Creek Rd Church Point NSW 2105^^52 McCarrs Creek Rd Church Point NSW 2105^^Registered^^4/07/2019^^PRIVATE PROPERTY PTY LIMITED^^Body Corporate^^56098948915
Barrington Coast Magazine^^52 McCarrs Creek Rd Church Point NSW 2105^^52 McCarrs Creek Rd Church Point NSW 2105^^Registered^^10/07/2019^^PRIVATE PROPERTY PTY LIMITED^^Body Corporate^^56098948915
Explore Barrington Coast^^52 McCarrs Creek Rd Church Point NSW 2105^^52 McCarrs Creek Rd Church Point NSW 2105^^Registered^^25/08/2019^^PRIVATE PROPERTY PTY LIMITED^^Body Corporate^^56098948915
Pacific Palms Seafood^^52 McCarrs Creek Rd Church Point NSW 2105^^210A Charlotte Bay St Charlotte Bay NSW 2428^^Registered^^24/10/2019^^PRIVATE PROPERTY PTY LIMITED^^Body Corporate^^56098948915
Pacific Palms Fresh Seafood^^52 McCarrs Creek Rd Church Point NSW 2105^^210A Charlotte Bay St Charlotte Bay NSW 2428^^Registered^^13/10/2019^^PRIVATE PROPERTY PTY LIMITED^^Body Corporate^^56098948915
ESTATE for RENSHAW Howard-Victor ESTATE^^20 Wells St Bellevue WA 6056^^20 Wells St Bellevue WA 6056^^Registered^^10/01/2019^^The Trustee for  RENSHAW,   Howard Victor, Estate^^Other Unincorporated Entity^^97317164190
Pacific Palms Fish Shop^^52 McCarrs Creek Rd Church Point NSW 2105^^210A Charlotte Bay St Charlotte Bay NSW 2428^^Registered^^13/10/2019^^PRIVATE PROPERTY PTY LIMITED^^Body Corporate^^56098948915
Jasmine Lodge Motel^^52 McCarrs Creek Rd Church Point NSW 2105^^18 Wallis St Forster NSW 2428^^Registered^^31/12/2019^^PRIVATE PROPERTY PTY LIMITED^^Body Corporate^^56098948915
Jasmine Motel^^52 McCarrs Creek Rd Church Point NSW 2105^^18 Wallis St Forster NSW 2428^^Registered^^16/12/2019^^PRIVATE PROPERTY PTY LIMITED^^Body Corporate^^56098948915
FARM HARVEST AND CONTRACTING^^39 Pioneer St Zillmere QLD 4034^^laidely Level 2 90 patrick St laidely QLD 4341^^Registered^^28/08/2017^^JOEL PALEM MCDUINI^^Person^^82380602437
COLLECT & RECYCLE^^39 Pioneer St . Zillmere QLD 4034^^Zillmere QLD 4034^^Registered^^9/01/2020^^JOEL PALEM MCDUINI^^Person^^82380602437
1830 Electric Car Company^^PO BOX 131 Balwyn VIC 3103 Australia^^805 220 Collins St Melbourne VIC 3000^^Registered^^2/05/2019^^KHS CAPITAL MANAGEMENT FUND LIMITED^^Body Corporate^^26621227325
33 1/3 RPM^^PO BOX 146 Corrimal NSW 2518 Australia^^Wollongong NSW 2500^^Registered^^1/09/2017^^WILLIAM JAMES TOTMAN^^Person^^52774266121
stone developments SR^^5 17 Llewellyn St New Farm QLD 4005^^5 17 Llewellyn St New Farm QLD 4005^^Registered^^13/09/2012^^S R GROUP INTERNATIONAL PTY LTD^^Body Corporate^^82152497651
So Fresh Cleaning Services^^36 Rattray St Nakara NT 0810^^Nakara NT 0810^^Registered^^8/08/2016^^LAUREL MARTIN^^Person^^58204865889
1-26308369359^^12 Bourton Rd Merrimac QLD 4226^^Merrimac QLD 4226^^Registered^^27/09/2017^^GHADA MOUSSA^^Person^^46409095424
Electric Vehicle Company^^PO BOX 131 Balwyn VIC 3103 Australia^^805 220 Collins St Melbourne VIC 3000^^Registered^^2/05/2019^^KHS CAPITAL MANAGEMENT FUND LIMITED^^Body Corporate^^26621227325
7 Star Aluminium^^2 144 Hume Hwy Somerton VIC 3062^^2 144 Hume Hwy Somerton VIC 3062^^Registered^^24/05/2018^^7 STAR ALUMINIUM SYSTEMS PTY LTD^^Body Corporate^^99612339134
ResCom Shaft Liner^^PO BOX 131 Balwyn VIC 3103 Australia^^805 220 Collins St Melbourne VIC 3000^^Registered^^10/12/2018^^KHS CAPITAL MANAGEMENT FUND LIMITED^^Body Corporate^^26621227325
12345 SOLUTION^^1 22 Joseph St Rydalmere NSW 2116^^1 22 Joseph St Rydalmere NSW 2116^^Registered^^29/10/2015^^VLADIMIR KUNDRAT^^Person^^42767512328
a better peace of mind TERMITE SERVICES^^PO BOX 5770 cranbourne VIC 3977 Australia^^THE HARRYS GROUP 1 101 south gippsland Hwy TOORADIN VIC 3980^^Registered^^1/07/2014^^THE HARRY'S GROUP PTY LTD^^Body Corporate^^68161485721
A BETTER PEACE OF MIND PEST INSPECTIONS^^PO BOX 5770 cranbourne VIC 3977 Australia^^The Harrys Group 101 south Gippsland hwy south gippsland Hwy TOORADIN VIC 3980^^Registered^^1/07/2014^^THE HARRY'S GROUP PTY LTD^^Body Corporate^^68161485721
STONE DEVELOPMENTS^^14 Tarana Street Camp Hill QLD 4152^^Unit 7 Unit 7 55 Links Avenue Eagle Farm QLD 4009^^Registered^^15/01/2019^^S R GROUP INTERNATIONAL PTY LTD^^Body Corporate^^82152497651
A Peaceful Heart^^22 Coonawarra Ct Yamba NSW 2464^^Yamba NSW 2464^^Registered^^19/12/2017^^TESAR JENNIFER KIM^^Person^^46076876651
A Plus Training and Consulting  Institute^^70 Noble St Noble Park VIC 3174^^34 Ian St Noble Park VIC 3174^^Registered^^12/06/2015^^FAMILY DAY CARE PLUS PTY. LTD.^^Body Corporate^^71151401580
A BETTER PEACE OF MIND^^PO BOX 5770 cranbourne VIC 3977 Australia^^The harrys group 101 south gippsland hwy Hwy TOORADIN VIC 3980^^Registered^^1/07/2014^^THE HARRY'S GROUP PTY LTD^^Body Corporate^^68161485721
A BETTER PEACE OF MIND PEST CONTROL^^PO BOX 5770 cranbourne VIC 3977 Australia^^The Harrys group 101 south Gippsland hwy south gippsland Hwy TOORADIN VIC 3980^^Registered^^1/07/2014^^THE HARRY'S GROUP PTY LTD^^Body Corporate^^68161485721
Home Inspections For A Better Peace Of Mind^^PO BOX 2038 Pakenham VIC 3810 Australia^^8 3-11 Bate Cl Pakenham VIC 3810^^Registered^^29/07/2015^^THE HARRY'S GROUP PTY LTD^^Body Corporate^^68161485721
pre purchase home inspections^^8 3-11 Bate Cl Pakenham VIC 3810^^8 3-11 Bate Cl Pakenham VIC 3810^^Registered^^16/02/2018^^THE HARRY'S GROUP PTY LTD^^Body Corporate^^68161485721
Home Pest and Termite Control^^8 3-11 Bate Cl Pakenham VIC 3810^^8 3-11 Bate Cl Pakenham VIC 3810^^Registered^^18/04/2018^^THE HARRY'S GROUP PTY LTD^^Body Corporate^^68161485721
pre purchase home inspections melbourne^^8 3-11 Bate Cl Pakenham VIC 3810^^8 3-11 Bate Cl Pakenham VIC 3810^^Registered^^16/02/2018^^THE HARRY'S GROUP PTY LTD^^Body Corporate^^68161485721
A Series Concrete Constructions^^27B Kadigal Pl Beacon Hill NSW 2100^^Beacon Hill NSW 2100^^Registered^^23/08/2012^^MICHAEL CIMINO^^Person^^41431532515
- AAA AAARABISK^^None^^Unit 3 70 Iliffe St Bexley NSW 2207^^Registered^^29/09/2011^^JMS ELECTRICAL SERVICES PTY LTD^^Body Corporate^^36136605180
AA AAABA ELECTRICAL^^None^^Unit 3 70 Iliffe St Bexley NSW 2207^^Registered^^5/05/2011^^JMS ELECTRICAL SERVICES PTY LTD^^Body Corporate^^36136605180
AA SECURITY SOLUTIONS^^Unit 7 Unit 7 25 Queens Road Westmead NSW 2145^^Westmead NSW 2145^^Registered^^18/08/2018^^JACOB ANTHONY POWELL BROWNIE^^Person^^98453344267
- AA A AAARABISK SERVICES^^None^^Unit 3 70 Iliffe St Bexley NSW 2207^^Registered^^4/11/2011^^JMS ELECTRICAL SERVICES PTY LTD^^Body Corporate^^36136605180
! ! ! A A A AAABA POWER^^None^^Unit 3 70 Iliffe St Bexley NSW 2207^^Registered^^11/11/2011^^JMS ELECTRICAL SERVICES PTY LTD^^Body Corporate^^36136605180
ACE ELECTRICAL CO.^^64 Presidents Avenue Ocean Grove VIC 3226^^Ocean Grove VIC 3226^^Registered^^24/11/2019^^BEN STEPHENS^^Person^^32957814402
AFM S^^55 Railway St Carlton NSW 2218^^5 Addison St Marrickville NSW 2204^^Registered^^7/02/2013^^ANTHONY GREGORY CONN^^Person^^94156907507
All Cheap Towing^^56 Golders Way Girrawheen WA 6064^^Girrawheen WA 6064^^Registered^^30/11/2016^^GHULAM ALI RAMAZANI^^Person^^32277305893
Abachi Living^^PO BOX 23 Nairne SA 5252 Australia^^Nairne SA 5252^^Registered^^28/04/2016^^ALEXANDRA MAY MCRAE DOWNER^^Person^^39518305031
ALL PEST & CLEANING^^3 Devine St Harristown QLD 4350^^3 Devine St Harristown QLD 4350^^Registered^^9/01/2019^^The Trustee for EJHodge Trust^^Other Unincorporated Entity^^30235745259
ACT Removal WA^^56 Golders Way Girrawheen WA 6064^^Girrawheen WA 6064^^Registered^^19/03/2019^^GHULAM ALI RAMAZANI^^Person^^32277305893
ALBURY WINDOW SHINE AND MAINTENANCE^^PO BOX 1048 West Leederville WA 6901 Australia^^Stirling WA 6021^^Registered^^8/02/2018^^ABBEY MAJIMBI^^Person^^84972359556
COASTAL  EARTH WORKS^^260 Davistown Rd Yattalunga NSW 2251^^Yattalunga NSW 2251^^Registered^^30/05/2019^^LIONEL CLAUDE WATSON^^Person^^88573118334
Plumbing Gas and Solar^^17 Buna St Maroochydore QLD 4558^^Maroochydore QLD 4558^^Registered^^9/05/2013^^KEN SINCLAIR^^Person^^30947976159
Estate for MCLEOD,   Lachan Ross,^^20 Wells St Bellevue WA 6056^^20 Wells St Bellevue WA 6056^^Registered^^29/07/2018^^The Trustee for MCLEOD,   Lachlan Ross, Estate^^Other Unincorporated Entity^^25488638950^76345313658
Happy Handymen 4017^^PO BOX 706 Sandgate QLD 4017 Australia^^3 Swan St Shorncliffe QLD 4017^^Registered^^27/04/2016^^CODFISH PTY. LTD.^^Body Corporate^^32087762696
Evans legal practice^^3 45 Winton Rd Joondalup WA 6027^^3 45 Winton Rd Joondalup WA 6027^^Registered^^4/09/2017^^LAW AUSSA PTY LTD^^Body Corporate^^13618955703
SA PLASTERING AND FIXING^^39 Ritchie Tce Marleston SA 5033^^Marleston SA 5033^^Registered^^25/06/2013^^W XUE & F YU^^Partnership^^36218193995
Geelong Best Tiling Services^^83 Separation St Bell Park VIC 3215^^Bell Park VIC 3215^^Registered^^2/07/2017^^QORBAN ALI HAIDARI^^Person^^97795042709
WOW Disability Support Services^^1 238 Hampstead Rd Clearview SA 5085^^1 238 Hampstead Rd Clearview SA 5085^^Registered^^26/06/2017^^The Women of Worth Foundation Incorporated^^Other Incorporated Entity^^64158127588
1-14105828339^^23 Inverness Way Parkwood QLD 4214^^Parkwood QLD 4214^^Registered^^3/02/2015^^TONI EILEEN RIGBY^^Person^^83158707445
1-33097350129^^4 Warrego Hwy Redwood QLD 4350^^27 Norwood St Toowoomba QLD 4350^^Registered^^15/04/2019^^D.A O'KANE & P.A O'KANE^^Partnership^^38611539773
1-24139475599^^5 Aintree Ave Mulgrave VIC 3170^^Mulgrave VIC 3170^^Registered^^4/04/2017^^PUNAJITH GAYAN COSTA WARNAKULASURIYA DEHIWALA^^Person^^66960399258
Soulfit Body & Mind^^23 Inverness Way Parkwood QLD 4214^^3 320 Olsen Ave Parkwood QLD 4214^^Registered^^22/04/2016^^TONI EILEEN RIGBY^^Person^^83158707445
A to Z medical service^^12 Marmot Way Ferndale WA 6148^^Ferndale WA 6148^^Registered^^13/11/2018^^ALIDA LANCEE^^Person^^31789299518
1-31933514949^^4 Warrego Hwy Redwood QLD 4350^^27 Norwood St Toowoomba QLD 4350^^Registered^^5/03/2019^^D.A O'KANE & P.A O'KANE^^Partnership^^38611539773
A & J Pilot and Escort Service^^GPO BOX 2524 Darwin NT 0801 Australia^^2 6 Mckenzie Pl Yarrawonga NT 0830^^Registered^^19/12/2013^^A & J REGO INSPECTION SERVICE PTY LTD^^Body Corporate^^47141912781
A & J REGO INSPECTION SERVICE^^PO BOX 184 - Berrimah NT 0828^^3/2004 STUART HIGHWAY - Pinelands NT 0829^^Registered^^28/02/2007^^A & J REGO INSPECTION SERVICE PTY LTD^^Body Corporate^^47141912781
THE SYDNEY SCHOOL OF PIPING & DRUMMING^^4 Parroo Cl St Clair NSW 2759^^4 Parroo Cl St Clair NSW 2759^^Registered^^14/01/2000^^PARTNERSHIP OF B & E GRAY^^Partnership^^58392230489
A Highland Wedding - Kilt Hire^^4 Parroo Cl St Clair NSW 2759^^St Clair NSW 2759^^Registered^^7/07/2014^^PARTNERSHIP OF B & E GRAY^^Partnership^^58392230489
PIPERS OF DISTINCTION^^4 Parroo Cl St Clair NSW 2759^^St Clair NSW 2759^^Registered^^17/03/1997^^PARTNERSHIP OF B & E GRAY^^Partnership^^58392230489
BERLSA TRADING^^4 Parroo Cl St Clair NSW 2759^^St Clair NSW 2759^^Registered^^25/06/1996^^PARTNERSHIP OF B & E GRAY^^Partnership^^58392230489
A Lovely Concept^^33 Rose St Ottoway SA 5013^^Ottoway SA 5013^^Registered^^1/09/2016^^JOANNA GRACE MARSHALL^^Person^^36055412001
Red Hot Sydney Pipers^^4 Parroo Cl St Clair NSW 2759^^St Clair NSW 2759^^Registered^^13/09/2017^^PARTNERSHIP OF B & E GRAY^^Partnership^^58392230489
3 JARS FULL^^155 Aireys St Elliminyt VIC 3250^^Elliminyt VIC 3250^^Registered^^2/10/2019^^HEATHER LYNETTE CARDINAL^^Person^^52135084368
A & J Freight Lines^^GPO BOX 2524 Darwin NT 0801 Australia^^2/6 Mckenzie Pl Yarrawonga NT 0830^^Registered^^3/10/2019^^A & J REGO INSPECTION SERVICE PTY LTD^^Body Corporate^^47141912781
A Winemakers Tour^^PO BOX 225 Stanthorpe QLD 4380 Australia^^Glen Aplin QLD 4381^^Registered^^15/02/2018^^A.S COMINO & M COMINO^^Partnership^^48468772491
A1 TRAILERS & FABRICATION RAVENHALL^^9 Wavish Ct Werribee VIC 3030^^2 19 Westwood Dr Ravenhall VIC 3023^^Registered^^13/03/2018^^The Trustee for A-1 TRAILERS & FABRICATION UNIT TRUST^^Other Unincorporated Entity^^25125451182
Price-Wise^^54 Sawmill Rd Aratula QLD 4309^^Aratula QLD 4309^^Registered^^23/10/2015^^KEVIN ROBERT MELVILLE^^Person^^21623459560
Affordable Blinds Qld^^PO BOX 465 Browns Plains BC QLD 4118 Australia^^54 Sawmill Rd Aratula QLD 4309^^Registered^^18/09/2013^^KEVIN ROBERT MELVILLE^^Person^^21623459560
African Lily Boutique^^1 Advocate Dr Kingston TAS 7050^^Kingston TAS 7050^^Registered^^24/01/2018^^RINDAI LINDA NGWENYAMA^^Person^^59716299452
Activities in a Box^^6 976 Riversdale Rd Surrey Hills VIC 3127^^Surrey Hills VIC 3127^^Registered^^23/09/2016^^RUTH ELIZABETH CORNELL^^Person^^95715890585
Port Locksmiths^^1 Bucknall Rd Glanville SA 5015^^1 Bucknall Rd Glanville SA 5015^^Registered^^30/11/2013^^PORT LOCKSMITHS SA PTY LTD^^Body Corporate^^30159585323
Bedding Elegance^^54 Sawmill Road Aratula QLD 4309^^Aratula QLD 4309^^Registered^^22/09/2016^^KEVIN ROBERT MELVILLE^^Person^^21623459560
CREATIVE VISUAL IDEAS^^UNIT1/28 HALLEY AVE - Camberwell VIC 3124^^UNIT1/28 HALLEY AVE - Camberwell VIC 3124^^Registered^^9/01/2012^^RUTH CORNELL^^Person^^95715890585
The Original Port Adelaide Locksmiths^^156 Swan Tce Glanville SA 5015^^156 Swan Tce Glanville SA 5015^^Registered^^19/02/2014^^PORT LOCKSMITHS SA PTY LTD^^Body Corporate^^30159585323
Port Adelaide Car Keys and Remotes^^156 Swan Tce Glanville SA 5015^^156 Swan Tce Glanville SA 5015^^Registered^^3/02/2014^^PORT LOCKSMITHS SA PTY LTD^^Body Corporate^^30159585323
Adelaide Car Keys and Remotes^^156 Swan Tce Glanville SA 5015^^156 Swan Tce Glanville SA 5015^^Registered^^3/02/2014^^PORT LOCKSMITHS SA PTY LTD^^Body Corporate^^30159585323
The Original Port Locksmiths^^156 Swan Tce Glanville SA 5015^^156 Swan Tce Glanville SA 5015^^Registered^^20/02/2014^^PORT LOCKSMITHS SA PTY LTD^^Body Corporate^^30159585323
Port Automotive Locksmiths^^156 Swan Tce Glanville SA 5015^^156 Swan Tce Glanville SA 5015^^Registered^^20/02/2014^^PORT LOCKSMITHS SA PTY LTD^^Body Corporate^^30159585323
Automotive Locksmiths Port Adelaide^^156 Swan Tce Glanville SA 5015^^156 Swan Tce Glanville SA 5015^^Registered^^20/02/2014^^PORT LOCKSMITHS SA PTY LTD^^Body Corporate^^30159585323
ABSOLUTE TOWING Q'BYAN & DISTRICTS NSW^^PO BOX 6847 Charnwood ACT 2615 Australia^^Fraser ACT 2615^^Registered^^5/12/2005^^ROGER THOMAS LEACH^^Person^^40627057967
ABSOLUTE LIFT TILT TRAY^^PO BOX 6847 Charnwood ACT 2615 Australia^^Fraser ACT 2615^^Registered^^5/12/2005^^ROGER THOMAS LEACH^^Person^^40627057967
AUSTRALIAN INDEPENDENT GAMES FESTIVAL^^CANBERRA TECHNOLOGY PARK 49 Phillip Ave Watson ACT 2602^^WENTWORTH PARK SPORTING COMPLEX GRANDSTAND Level L 2 Wattle St Ultimo NSW 2007^^Registered^^28/09/2010^^THE ACADEMY OF INTERACTIVE ENTERTAINMENT LIMITED^^Body Corporate^^51084159437
'' ABSOLUTE CARE '' FIREARMS & EQUIPMENT^^PO BOX 6847 Charnwood ACT 2615 Australia^^Fraser ACT 2615^^Registered^^5/12/2005^^ROGER THOMAS LEACH^^Person^^40627057967
AUSTRALIAN INDEPENDENT GAMES FESTIVAL^^PO BOX 7131 Watson ACT 2602 Australia^^ATARI BUILIDING Level L 8 14 Queens Rd Melbourne VIC 3004^^Registered^^22/09/2010^^THE ACADEMY OF INTERACTIVE ENTERTAINMENT LIMITED^^Body Corporate^^51084159437
STUDIO AIE^^CANBERRA TECHNOLOGY PARK 49 Phillip Ave Watson ACT 2602^^WENTWORTH PARK SPORTING COMPLEX GRANDSTAND LEVEL 2 , ENTRANCE OFF WATTLLE ST - Ultimo NSW 2007^^Registered^^25/05/2011^^THE ACADEMY OF INTERACTIVE ENTERTAINMENT LIMITED^^Body Corporate^^51084159437
STUDIO AIE^^PO BOX 7131 Watson ACT 2602 Australia^^ATARI BUILDING Level L 8 14 Queens Rd Melbourne VIC 3004^^Registered^^10/05/2011^^THE ACADEMY OF INTERACTIVE ENTERTAINMENT LIMITED^^Body Corporate^^51084159437
ALANA'S DANCE STUDIO^^18 Canala Ct Two Wells SA 5501^^Lot 51 Paxton Street St WILLASTON SA 5118^^Registered^^23/04/2019^^ALANA COLEMAN^^Person^^42167348762
AIEINCUBATOR^^PO BOX 7131 Watson ACT 2602 Australia^^14 Queens Rd Melbourne VIC 3004^^Registered^^24/11/2011^^THE ACADEMY OF INTERACTIVE ENTERTAINMENT LIMITED^^Body Corporate^^51084159437
AUSTRALIAN INDEPENDENT GAMES FESTIVAL^^CANBERRA TECHNOLOGY PARK 49 Phillip Ave Watson ACT 2602^^CANBERRA TECHNOLOGY PARK 49 Phillip Ave Watson ACT 2602^^Registered^^8/10/2010^^THE ACADEMY OF INTERACTIVE ENTERTAINMENT LIMITED^^Body Corporate^^51084159437
AIEINCUBATOR^^CANBERRA TECHNOLOGY PARK 49 Phillip Ave Watson ACT 2602^^CANBERRA TECHNOLOGY PARK 49 Phillip Ave Watson ACT 2602^^Registered^^28/11/2011^^THE ACADEMY OF INTERACTIVE ENTERTAINMENT LIMITED^^Body Corporate^^51084159437
AIEINCUBATOR^^CANBERRA TECHNOLOGY PARK 49 Phillip Ave Watson ACT 2602^^WENTWORTH PARK SHOPPING COMPLEX GRANDSTAND LEVEL 2, WATTLE STREET ENTRANCE - Ultimo NSW 2007^^Registered^^1/12/2011^^THE ACADEMY OF INTERACTIVE ENTERTAINMENT LIMITED^^Body Corporate^^51084159437
STUDIO AIE^^CANBERRA TECHNOLOGY PARK 49 Phillip Ave Watson ACT 2602^^CANBERRA TECHNOLOGY PARK 49 Phillip Ave Watson ACT 2602^^Registered^^19/05/2011^^THE ACADEMY OF INTERACTIVE ENTERTAINMENT LIMITED^^Body Corporate^^51084159437
AIE INDUSTRY^^49 Phillip Ave Watson ACT 2602^^49 Phillip Ave Watson ACT 2602^^Registered^^26/02/2015^^THE ACADEMY OF INTERACTIVE ENTERTAINMENT LIMITED^^Body Corporate^^51084159437
Game Plus^^PO BOX 7131 Watson ACT 2602 Australia^^49 Phillip Ave Watson ACT 2602^^Registered^^26/05/2016^^THE ACADEMY OF INTERACTIVE ENTERTAINMENT LIMITED^^Body Corporate^^51084159437
Filmplus^^PO BOX 7131 Watson ACT 2602 Australia^^49 Phillip Ave Watson ACT 2602^^Registered^^23/06/2016^^THE ACADEMY OF INTERACTIVE ENTERTAINMENT LIMITED^^Body Corporate^^51084159437
AIE Plus^^49 Phillip Ave Watson ACT 2602^^49 Phillip Ave Watson ACT 2602^^Registered^^12/05/2017^^THE ACADEMY OF INTERACTIVE ENTERTAINMENT LIMITED^^Body Corporate^^51084159437
Dreamgate VFX Studios^^49 Phillip Ave Watson ACT 2602^^49 Phillip Ave Watson ACT 2602^^Registered^^16/08/2018^^THE ACADEMY OF INTERACTIVE ENTERTAINMENT LIMITED^^Body Corporate^^51084159437
AIE Institute^^49 Phillip Ave Watson ACT 2602^^49 Phillip Ave Watson ACT 2602^^Registered^^24/05/2017^^THE ACADEMY OF INTERACTIVE ENTERTAINMENT LIMITED^^Body Corporate^^51084159437
ALL COMMERCIAL REAL ESTATE^^LEVEL 1 15, 148 CHESTERVILLE RD CHELTENHAM VIC 3192^^LEVEL 1 15, 148 CHESTERVILLE RD CHELTENHAM VIC 3192^^Registered^^24/10/2014^^THE TRUSTEE FOR KP UNIT TRUST^^Other Unincorporated Entity^^60560439677
Aligned Remedial Massage Therapy^^9 White Ave Kooringal NSW 2650^^Zia yoga and massage 12 Nagle St Wagga Wagga NSW 2650^^Registered^^19/01/2016^^MEAGAN CARMEL BROWN^^Person^^90470173407
All Round Commercial Services^^PO BOX 1231 Gwelup WA 6018 Australia^^425 North Beach Rd Karrinyup WA 6018^^Registered^^19/02/2017^^ALL ROUND CONSTRUCTION SERVICES PTY LTD^^Body Corporate^^46613439713
ALL RESIDENTIAL REAL ESTATE AGENCIES^^6A 148 CHESTERVILLE ROAD MOORABBIN VIC 3189^^6A 148 CHESTERVILLE ROAD MOORABBIN VIC 3189^^Registered^^27/04/2017^^THE TRUSTEE FOR KP UNIT TRUST^^Other Unincorporated Entity^^60560439677
ALL BUSINESS BROKING^^6A 148 Chesterville Rd Moorabbin VIC 3189^^6A 148 Chesterville Rd Moorabbin VIC 3189^^Registered^^14/08/2018^^The Trustee for KP Unit Trust^^Other Unincorporated Entity^^60560439677
ALL SITE PAINTING GROUP^^204 1088 Stud Rd Rowville VIC 3178^^Rowville VIC 3178^^Registered^^22/08/2018^^SIAMAK MUMTAZI^^Person^^11348430047
Bruny Island Motorbike Tours^^33 Cleveland Rise Lunawanna TAS 7150^^33 Cleveland Rise Lunawanna TAS 7150^^Registered^^9/09/2016^^The Trustee for MARK W GRAHAM FAMILY TRUST^^Other Unincorporated Entity^^67849370803
ANASA YOGA RETREATS^^19 Pebble Beach Place Heatherton VIC 3202^^Heatherton VIC 3202^^Registered^^28/11/2017^^ANNA DIKEOS^^Person^^25245938487
ARTHURS CARING  SUPPORT^^6 Lavender Crescent Spencer NSW 2775^^Spencer NSW 2775^^Registered^^27/06/2019^^ARTHUR ALBERT CONNELLY^^Person^^49543404821
ALLCARE FUNERAL TRANFERS^^443 Ballarto Rd Skye VIC 3977^^Skye VIC 3977^^Registered^^23/08/2017^^R.J ANDREWS & T MARTIN^^Partnership^^54941691655
ALONNAH LUNAWANNA HILLSIDE RETREAT^^2B Dwyer Ct Riddells Creek VIC 3431^^2B Dwyer Ct Riddells Creek VIC 3431^^Registered^^25/10/2018^^The Trustee for MARK W GRAHAM FAMILY TRUST^^Other Unincorporated Entity^^67849370803
DISC RIPPER^^UNIT 14 148 Chesterville Rd Moorabbin VIC 3189^^UNIT 14 148 Chesterville Rd Moorabbin VIC 3189^^Registered^^8/05/2013^^The Trustee for THE MICROCARE UNIT TRUST^^Other Unincorporated Entity^^27372078457
archiveo^^14 140-148 Chesterville Rd Cheltenham VIC 3192^^14 140-148 Chesterville Rd Cheltenham VIC 3192^^Registered^^14/07/2014^^The Trustee for THE MICROCARE UNIT TRUST^^Other Unincorporated Entity^^27372078457
Secureusb^^14 140-148 Chesterville Rd moorabbin VIC 3189^^14 148 chesterville Rd moorabbin VIC 3189^^Registered^^17/01/2018^^The Trustee for THE MICROCARE UNIT TRUST^^Other Unincorporated Entity^^27372078457
AUDREY BULNER BROKER & FINANCIAL SERVICES^^66 London Cres Narre Warren VIC 3805^^Narre Warren VIC 3805^^Registered^^16/03/2017^^AUDREY PAULETTE BULNER^^Person^^52243388680
ARVO'S Tapas Bar^^12 Transfield Ave Healy QLD 4825^^Healy QLD 4825^^Registered^^22/09/2017^^DEBORAH MARIE HOWIE^^Person^^21097590868
Ashwood Gifts & Homewares^^Level 1 226 Upper Heidelberg Rd Ivanhoe VIC 3079^^533 Warrigal Rd Ashwood VIC 3147^^Registered^^27/06/2018^^HAPPY SUNNY PTY LTD^^Body Corporate^^34622728750
CURRYLICIOUS^^P O Box 1303 oaks Ave Dee Why NSW 2099^^1 371-373 Sydney Rd Balgowlah NSW 2093^^Registered^^23/10/2015^^SEEMA & RAJ PTY LTD^^Body Corporate^^11604208353
ASIAN HOT POT^^52 Burchmore Rd Manly Vale NSW 2093^^52 Burchmore Rd Manly Vale NSW 2093^^Registered^^8/09/2018^^SEEMA & RAJ PTY LTD^^Body Corporate^^11604208353
MR GRILLED^^52 Burchmore Rd Manly Vale NSW 2093^^52 Burchmore Rd Manly Vale NSW 2093^^Registered^^24/09/2018^^SEEMA & RAJ PTY LTD^^Body Corporate^^11604208353
mr snack^^52 Burchmore Rd Manly Vale NSW 2093^^52 Burchmore Rd Manly Vale NSW 2093^^Registered^^6/09/2018^^SEEMA & RAJ PTY LTD^^Body Corporate^^11604208353
ILOVEMOMO^^52 Burchmore Rd Manly Vale NSW 2093^^52 Burchmore Rd Manly Vale NSW 2093^^Registered^^7/02/2019^^SEEMA & RAJ PTY LTD^^Body Corporate^^11604208353
V RESTAURANT^^52 Burchmore Rd Manly Vale NSW 2093^^52 Burchmore Rd Manly Vale NSW 2093^^Registered^^13/02/2019^^SEEMA & RAJ PTY LTD^^Body Corporate^^11604208353
Ashley Baines Electrical^^42 Murdoch Rd Wangaratta VIC 3677^^2 Hansen St Wangaratta VIC 3677^^Registered^^24/10/2019^^LAMPRE PTY. LTD.^^Body Corporate^^57122340774
AUSTRALASIAN Support Care^^143 Kirkham Rd Dandenong VIC 3175^^Dandenong VIC 3175^^Registered^^9/12/2019^^FIRDOUS SIKANDER^^Person^^30171621340
Australia International Youth Culture and Arts Communication Association^^57 Arnold Dr Scoresby VIC 3179^^57 Arnold Dr Scoresby VIC 3179^^Registered^^6/07/2018^^7 ART DISTRICT PTY LTD^^Body Corporate^^35626586865
Australian Piano Quartet^^323 1 Georgina St Newtown NSW 2042^^Newtown NSW 2042^^Registered^^15/03/2016^^THOMAS RANN^^Person^^11780365210
Australia Piano Quartet^^323 1 Georgina St Newtown NSW 2042^^Newtown NSW 2042^^Registered^^17/03/2016^^THOMAS RANN^^Person^^11780365210
Australia International Model Development Association^^57 Arnold Dr Scoresby VIC 3179^^57 Arnold Dr Scoresby VIC 3179^^Registered^^6/07/2018^^7 ART DISTRICT PTY LTD^^Body Corporate^^35626586865
Australia International Culture and Arts Development Association^^57 Arnold Dr Scoresby VIC 3179^^57 Arnold Dr Scoresby VIC 3179^^Registered^^6/07/2018^^7 ART DISTRICT PTY LTD^^Body Corporate^^35626586865
NEW ICONS INTERNATIONAL^^57 Arnold Dr Scoresby VIC 3179^^57 Arnold Dr Scoresby VIC 3179^^Registered^^14/09/2018^^7 ART DISTRICT PTY LTD^^Body Corporate^^35626586865
NEW ICONS AUSTRALIA^^57 Arnold Dr Scoresby VIC 3179^^57 Arnold Dr Scoresby VIC 3179^^Registered^^14/09/2018^^7 ART DISTRICT PTY LTD^^Body Corporate^^35626586865
GLOBLE CHINESE CULTURE AND ARTS DEVELOPMENT ASSOCIATION^^57 Arnold Dr . Scoresby VIC 3179^^57 Arnold Dr . Scoresby VIC 3179^^Registered^^4/05/2019^^7 ART DISTRICT PTY LTD^^Body Corporate^^35626586865
GLOBLE CHINESE MODEL DEVELOPMENT ASSOCIATION^^57 Arnold Dr . Scoresby VIC 3179^^57 Arnold Dr . Scoresby VIC 3179^^Registered^^4/05/2019^^7 ART DISTRICT PTY LTD^^Body Corporate^^35626586865
GLOBAL CHINESE MODEL DEVELOPMENT ASSOCIATION^^57 Arnold Dr . Scoresby VIC 3179^^57 Arnold Dr . Scoresby VIC 3179^^Registered^^5/05/2019^^7 ART DISTRICT PTY LTD^^Body Corporate^^35626586865
GLOBAL CHINESE CULTURE AND ARTS DEVELOPMENT ASSOCIATION^^57 Arnold Dr . Scoresby VIC 3179^^57 Arnold Dr . Scoresby VIC 3179^^Registered^^5/05/2019^^7 ART DISTRICT PTY LTD^^Body Corporate^^35626586865
GLOBAL CHINESE YOUTH CULTURE AND ARTS COMMUNICATION ASSOCIATION^^57 Arnold Dr . Scoresby VIC 3179^^57 Arnold Dr . Scoresby VIC 3179^^Registered^^5/05/2019^^7 ART DISTRICT PTY LTD^^Body Corporate^^35626586865
global sustainable fashion development council^^8 573 burwood Hwy knoxfield VIC 3180^^8 573 burwood Hwy knoxfield VIC 3180^^Registered^^24/07/2019^^7 ART DISTRICT PTY LTD^^Body Corporate^^35626586865
Ballina mechanical and lpg^^1 48 Piper Dr Ballina NSW 2478^^1 48 Piper Dr Ballina NSW 2478^^Registered^^9/01/2017^^GAVIN WILLIAM MEUFFELS^^Person^^69466594268
The Hub @^^1 Fisher St Balaklava SA 5461^^1 Fisher St Balaklava SA 5461^^Registered^^7/09/2016^^GENERATION X PTY. LTD.^^Body Corporate^^95145995035
BARA TRAVEL & TOURS^^214A CAPE St TUART HILL WA 6060^^TUART HILL WA 6060^^Registered^^24/05/2018^^ERIC MOSES GAITHO^^Person^^72243598803
All Pumps and Irrigation Repairs^^12 Torridon Cl Merrimac QLD 4226^^Merrimac QLD 4226^^Registered^^14/08/2013^^RODNEY DERN^^Person^^25856694170
Bakers Galore^^1 Fisher St Balaklava SA 5461^^15 Huon Rd Angle Vale SA 5117^^Registered^^26/06/2017^^GENERATION X PTY. LTD.^^Body Corporate^^95145995035
The Hub SA^^1 Fisher St Balaklava SA 5461^^1 Fisher St Balaklava SA 5461^^Registered^^20/09/2016^^GENERATION X PTY. LTD.^^Body Corporate^^95145995035
Alteration place@worldsquare^^2c 50 Whaling Rd North Sydney NSW 2060^^Holdern Walk way Kiosk 4 Level Ground 395A Pitt St. Accs Sydney NSW 2000^^Registered^^4/11/2013^^PHENSRI MARUANGSIT^^Person^^54327951037
Amy K Photography^^9 Belgrave St Underwood QLD 4119^^Underwood QLD 4119^^Registered^^29/01/2018^^AMY LEE KOINA^^Person^^97347551108
PRESTIGE PROPERTY PROJECTS^^85 Albany St Point Frederick NSW 2250^^85 Albany St Point Frederick NSW 2250^^Registered^^25/02/2009^^PRESTIGE PROPERTY PROJECTS PTY LTD^^Body Corporate^^20098042650
All seasons Solar & Electrical^^40 Browne St Yass NSW 2582^^Yass NSW 2582^^Registered^^5/05/2019^^STEPHEN ANDREW WINTER^^Person^^28802251124
AMAZING BEAUTY SALON^^2 58 Currimundi Rd Currimundi QLD 4551^^2 58 Currimundi Rd Currimundi QLD 4551^^Registered^^17/05/2019^^AMAZING VIRK FAMILY PTY LTD^^Body Corporate^^70633439531
Angels Above Cleaning Services^^PO BOX 9215 Picton WA 6229 Australia^^Donnybrook WA 6239^^Registered^^19/06/2016^^GRACELYN SEBASTIAN PUA^^Person^^42121609973
armstrong property and facility maintenance^^19 Intrepid Ct Two Rocks WA 6037^^Two Rocks WA 6037^^Registered^^29/11/2019^^RICHARD ARMSTRONG^^Person^^74735906455
Amazing Accounting^^PO BOX 7023 McMahons Point NSW 2060 Australia^^6 19 East Crescent St McMahons Point NSW 2060^^Registered^^23/02/2013^^PRESTIGE PROPERTY PROJECTS PTY LTD^^Body Corporate^^20098042650
AMAZING MOMENTS^^85 Albany St Point Frederick NSW 2250^^85 Albany St Point Frederick NSW 2250^^Registered^^18/11/2010^^PRESTIGE PROPERTY PROJECTS PTY LTD^^Body Corporate^^20098042650
POSH PETS PALACE^^6 19 East Crescent St McMahons Point NSW 2060^^6 19 East Crescent St McMahons Point NSW 2060^^Registered^^19/03/2018^^PRESTIGE PROPERTY PROJECTS PTY LTD^^Body Corporate^^20098042650
AMAZING GAMES^^6 19 East Crescent St Mcmahons Point NSW 2060^^6 19 East Crescent St Mcmahons Point NSW 2060^^Registered^^20/03/2018^^PRESTIGE PROPERTY PROJECTS PTY LTD^^Body Corporate^^20098042650
AMAZING WOMEN IN BUSINESS^^19 East Crescent St McMahons Point NSW 2060^^19 East Crescent St McMahons Point NSW 2060^^Registered^^2/08/2018^^PRESTIGE PROPERTY PROJECTS PTY LTD^^Body Corporate^^20098042650
POSH PRINCESS^^6 19 East Crescent St McMahons Point NSW 2060^^6 19 East Crescent St McMahons Point NSW 2060^^Registered^^20/08/2018^^PRESTIGE PROPERTY PROJECTS PTY LTD^^Body Corporate^^20098042650
POSH PRINCE^^6 19 East Crescent St McMahons Point NSW 2060^^6 19 East Crescent St McMahons Point NSW 2060^^Registered^^20/08/2018^^PRESTIGE PROPERTY PROJECTS PTY LTD^^Body Corporate^^20098042650
POSH PETS PLATINUM^^6 19 East Crescent St Mcmahons Point NSW 2060^^6 19 East Crescent St Mcmahons Point NSW 2060^^Registered^^20/03/2018^^PRESTIGE PROPERTY PROJECTS PTY LTD^^Body Corporate^^20098042650
Amazing Home Makeovers^^6/19 East Crescent St McMahons Point NSW 2060^^6/19 East Crescent St McMahons Point NSW 2060^^Registered^^30/09/2019^^PRESTIGE PROPERTY PROJECTS PTY LTD^^Body Corporate^^20098042650
amos electric^^41 belleview Dr sunbury VIC 3429^^Sunbury VIC 3429^^Registered^^8/08/2013^^JOHN NEIL AMOS^^Person^^22466458771
AMAZING BUSINESS WOMEN^^19 East Crescent St McMahons Point NSW 2060^^19 East Crescent St McMahons Point NSW 2060^^Registered^^2/08/2018^^PRESTIGE PROPERTY PROJECTS PTY LTD^^Body Corporate^^20098042650
ART EXPLORERS 11:11^^18 Wright St Carrum VIC 3197^^Carrum VIC 3197^^Registered^^18/05/2017^^ALYCE SOPHIA PROCTER^^Person^^20986159789
ARTEMIS RESTAURANT^^PO BOX 42 Balaclava VIC 3183 Australia^^8 3 Elizabeth Bay Cres Elizabeth Bay NSW 2011^^Registered^^6/07/2017^^The Trustee for J BARTHELMESS FAMILY TRUST^^Other Unincorporated Entity^^49420273167
Athena Restaurant^^PO BOX 42 Balaclava VIC 3183 Australia^^8 3 Elizabeth Bay Cres Elizabeth Bay NSW 2011^^Registered^^6/07/2017^^The Trustee for J BARTHELMESS FAMILY TRUST^^Other Unincorporated Entity^^49420273167
AUSEURO Trading Group^^15 Anile Pl Williamstown North VIC 3016^^Williamstown North VIC 3016^^Registered^^7/08/2019^^PETER SILVERI^^Person^^82260215820
Peter Silveri^^15 Anile Pl Williamstown North VIC 3016^^Williamstown North VIC 3016^^Registered^^20/06/2018^^PETER SILVERI^^Person^^82260215820
Australian Import Services^^39 Glenbar Rd Duncraig WA 6023^^39 Glenbar Rd Duncraig WA 6023^^Registered^^16/09/2013^^P & R O'LOUGHLIN FAMILY TRUST^^Other Unincorporated Entity^^89336161408^61009127913
ASAKUSA JAPANESE RESTAURANT^^127 Waverley Rd Malvern East VIC 3145^^127 Waverley Rd Malvern East VIC 3145^^Registered^^10/05/2017^^SHINN & AOI PTY LTD^^Body Corporate^^85616331572
Jim Mowing North Western^^15 Anile Pl Williamstown North VIC 3016^^Williamstown North VIC 3016^^Registered^^31/12/2019^^PETER SILVERI^^Person^^82260215820
ATS FRANCHISE 7^^4 Cottonwood Ave Jordan Springs NSW 2747^^4 Cottonwood Ave Jordan Springs NSW 2747^^Registered^^27/10/2016^^HARMER T & T PTY LIMITED^^Body Corporate^^37612308022
B & F Cabinets^^34 Greeves St St Kilda VIC 3182^^34 Greeves St St Kilda VIC 3182^^Registered^^15/02/2019^^The Trustee for B & F Cabinets Trust^^Other Unincorporated Entity^^68145615056
BAKLOVER^^7 Casino St Eastlakes NSW 2018^^Eastlakes NSW 2018^^Registered^^20/04/2017^^FILIZ DEMIREZEN^^Person^^78794678987
Barretts Bread CQ^^19A Broadway Bdwy Nedlands WA 6009^^Claremont Quarter 131 Level 1 9 Bayview Tce Claremont WA 6010^^Registered^^18/12/2018^^RUSTY KNIFE PTY LTD^^Body Corporate^^55169894311
B Street Savvy^^PO BOX 1105 Darling VIC 3145 Australia^^Melbourne East VIC 3145^^Registered^^3/03/2016^^E.C HERSZFELD & V HOWARD & T TISHER^^Partnership^^14769363155
Rusty Knife VP^^The Park Centre 6 789 Albany Hwy East Victoria Park WA 6101^^19a Broadway Bdwy Nedlands WA 6009^^Registered^^2/08/2019^^RUSTY KNIFE PTY LTD^^Body Corporate^^55169894311
BEEKEEPERS HOARD^^4 Coree Lane Ellenbrook WA 6069^^Ellenbrook WA 6069^^Registered^^19/01/2018^^GARY SAMMUT^^Person^^82950232211
Bean & Box^^10 Lascelles Ave Manifold Heights VIC 3218^^Manifold Heights VIC 3218^^Registered^^28/05/2018^^CLAIRE JANE BOTTRELL^^Person^^90412116603
BETTER HOME DETAILERS^^6 King George Lane EYRE SA 5121^^6 King George Lane Eyre SA 5121^^Registered^^14/05/2013^^The Trustee for HORSBURGH Family Trust^^Other Unincorporated Entity^^14564385985
BELLAMY PLUMBING WOOLGOOLGA^^23 Vista Cl Woolgoolga NSW 2456^^23 Vista Cl Woolgoolga NSW 2456^^Registered^^27/04/2016^^The Trustee for Bellamy Plumbing Trust^^Other Unincorporated Entity^^29581360014
ACTIVE APIARIES^^4 Coree Lane Ellenbrook WA 6069^^Ellenbrook WA 6069^^Registered^^19/01/2018^^GARY SAMMUT^^Person^^82950232211
BIZZI IZZI^^14 Gatters Rd Wonga Park VIC 3115^^Wonga Park VIC 3115^^Registered^^29/05/2018^^ERIKA SZUCS^^Person^^50381314537
Berkeley river contracting^^17 Cootamundra Way Maida Vale WA 6057^^Maida Vale WA 6057^^Registered^^6/04/2017^^JOSHUA DAVID JACOBS^^Person^^60643974788
Beta Plumbing & Gas^^47A College Rd Claremont WA 6010^^Claremont WA 6010^^Registered^^24/10/2018^^BENJAMIN TALBOT^^Person^^81567725576
BEAN BIZZI^^15 Curlew Cres Norlane VIC 3214^^Norlane VIC 3214^^Registered^^14/07/2013^^SUSAN JANE LEACH^^Person^^16006912944
BI-RITE ELECTRICAL MARYBOROUGH^^14 Bryant St Maryborough VIC 3465^^166 High St Maryborough VIC 3465^^Registered^^15/08/2012^^EGAN WAY PTY LTD^^Body Corporate^^73099492421
BIO Beauty Inside Out^^3 201 New South Head Rd Edgecliff NSW 2027^^Level 1 402-404 New South Head Rd Double Bay NSW 2028^^Registered^^27/06/2014^^MIRA SORM^^Person^^43685008611
big nose mowing^^11 Wolstenholme Ave Gymea NSW 2227^^11 Wolstenholme Ave Gymea NSW 2227^^Registered^^29/10/2013^^OWEN ANDREW FELTHOUSE^^Person^^42825197595
bird lovers cottage^^1744 Mossman-Mount Molloy Rd Julatten QLD 4871^^Julatten QLD 4871^^Registered^^7/03/2016^^GERHARD WARENDORF^^Person^^17963812460
Brand Catalyser^^2602 8 EXPLORATION Lane MELBOURNE VIC 3000^^2602 8 EXPLORATION Lane MELBOURNE VIC 3000^^Registered^^20/12/2017^^MULAN GROUP PTY LTD^^Body Corporate^^86623287052
Bison Ink And Toner^^PO BOX 520 Lismore NSW 2480 Australia^^Lismore NSW 2480^^Registered^^18/02/2017^^STEPHEN JEFFREY BAILEY^^Person^^61725113087
BSM Care services Group^^20 504-508 Woodville Rd Guildford NSW 2161^^Guildford NSW 2161^^Registered^^11/04/2019^^MUHAMMAD SIKANDAR QURESHI^^Person^^13690783506
EDUCATIONAL COMPUTER CONSUMABLES^^PO BOX 520 Lismore NSW 2480 Australia^^Lismore NSW 2480^^Registered^^3/10/2000^^STEPHEN JEFFREY BAILEY^^Person^^61725113087
Bobos  doughnuts^^PO BOX 44 Mernda VIC 3754 Australia^^Mernda VIC 3754^^Registered^^27/07/2018^^BRODIE KANE LAWRENCE CHAPMAN^^Person^^68142414929
bollywood sensations club^^23A Colin Rd Oakleigh South VIC 3167^^23A Colin Rd Oakleigh South VIC 3167^^Registered^^25/09/2019^^AARVII PTY LTD^^Body Corporate^^76624186107
EVEREST AIR CONDITIONING & REFRIGERATION SERVICES^^PO BOX 486 Strawberry Hills NSW 2012 Australia^^194 Parramatta Rd Camperdown NSW 2050^^Registered^^10/06/2010^^MAHMOUD ABBAS^^Person^^60042383986
The Marketing Tribe^^47 Stephenson St Cremorne VIC 3121^^47 Stephenson St Cremorne VIC 3121^^Registered^^19/06/2018^^The Trustee for Centre of Influence Asia Pacific Trust^^Other Unincorporated Entity^^91259461162^80604685887
The Business Xcellence Program^^47 Stephenson St Cremorne VIC 3121^^47 Stephenson St Cremorne VIC 3121^^Registered^^22/06/2018^^The Trustee for Centre of Influence Asia Pacific Trust^^Other Unincorporated Entity^^91259461162^80604685887
Danish Nosh Bakery Cafe^^PO BOX 1078 Elsternwick VIC 3185 Australia^^983 Glen Huntly Rd Caulfield VIC 3162^^Registered^^10/07/2018^^NOSH ENTERPRISES PTY LTD^^Body Corporate^^95626464355
Built by mitch^^41 Carlton Dr Bungendore NSW 2621^^Bungendore NSW 2621^^Registered^^12/04/2019^^MITCHELL MICHAEL TANTI^^Person^^46416643701
C S L Investment Holding^^40B Thistle Ave Klemzig SA 5087^^40B Thistle Ave Klemzig SA 5087^^Registered^^3/05/2016^^CHEE SIN LAI^^Person^^38559838796
Cafe Nosh 1-30046336479^^PO BOX 1078 Elsternwick VIC 3185 Australia^^983 Glen Huntly Rd Caulfield VIC 3162^^Registered^^23/09/2018^^NOSH ENTERPRISES PTY LTD^^Body Corporate^^95626464355
CAFE NOSH^^PO BOX 1078 Elsternwick VIC 3185 Australia^^983 Glen Huntly Rd Caulfield VIC 3162^^Registered^^5/06/2019^^NOSH ENTERPRISES PTY LTD^^Body Corporate^^95626464355
Business Xcellence^^47 Stephenson St Cremorne VIC 3121^^47 Stephenson St Cremorne VIC 3121^^Registered^^22/06/2018^^The Trustee for Centre of Influence Asia Pacific Trust^^Other Unincorporated Entity^^91259461162^80604685887
BUILD UR HOME^^6 437 Hume Hwy Yagoona NSW 2199^^6 437 Hume Hwy Yagoona NSW 2199^^Registered^^6/09/2017^^MAHMOUD ABBAS^^Person^^60042383986
Business Excellence Factory^^47 Stephenson St Cremorne VIC 3121^^47 Stephenson St Cremorne VIC 3121^^Registered^^20/09/2018^^The Trustee for Centre of Influence Asia Pacific Trust^^Other Unincorporated Entity^^91259461162^80604685887
Cafe With No Name^^1a 182-184 Victoria Pde East Melbourne VIC 3002^^5 Eaton Mall Oakleigh VIC 3166^^Registered^^23/11/2018^^The Trustee for The Dimicon Investment Trust^^Other Unincorporated Entity^^48145953389
commercial kitchen equipment nsw^^Unit 6 437 Hume Highway Yagoona NSW 2199^^Yagoona NSW 2199^^Registered^^5/06/2018^^MICHAEL ABBAS^^Person^^60042383986
Business Xcellence Factory^^47 Stephenson St Cremorne VIC 3121^^47 Stephenson St Cremorne VIC 3121^^Registered^^20/09/2018^^The Trustee for Centre of Influence Asia Pacific Trust^^Other Unincorporated Entity^^91259461162^80604685887
Cafe Olivekitchen^^3 6 Duke St Campsie NSW 2194^^Village Centre 5 6-12 Cross St Breakfast Point NSW 2137^^Registered^^15/01/2018^^ML & JD PTY LTD^^Body Corporate^^63606025843
Canny Solutions^^7 Glenburn Rd Glen Forrest WA 6071^^Glen Forrest WA 6071^^Registered^^15/12/2014^^JAMES ROLAND COOPER^^Person^^22136526590
Central brunswick Physiotherapy and Sports Medicine Clinic^^575 Sydney Rd Brunswick VIC 3056^^575 Sydney Rd Brunswick VIC 3056^^Registered^^12/09/2017^^VINCENT RUSSO PTY. LIMITED^^Body Corporate^^58006614464
CEFA Carroll's Electrical Fire and Automation^^2 76 Yorktown Pde Maroubra NSW 2035^^Maroubra NSW 2035^^Registered^^24/04/2018^^GERALD DAVID CARROLL^^Person^^18837813152
St Laurences College^^PO BOX 91 Richmond VIC 3121 Australia^^9 The Vaucluse Vale Richmond VIC 3121^^Registered^^10/08/2016^^TRUSTEES OF EDMUND RICE EDUCATION AUSTRALIA^^Other Incorporated Entity^^96372268340
Adrian Josef Fitness^^294 Bent St South Grafton NSW 2460^^South Grafton NSW 2460^^Registered^^4/01/2018^^ADRIAN JOSEPH BATTAGLINI^^Person^^51241894107
St Josephs Nudgee College^^PO BOX 91 Richmond VIC 3121 Australia^^9 The Vaucluse St Richmond VIC 3121^^Registered^^10/08/2016^^TRUSTEES OF EDMUND RICE EDUCATION AUSTRALIA^^Other Incorporated Entity^^96372268340
Townsville Flexible Learning Centre^^PO BOX 91 Richmond VIC 3121 Australia^^9 The Vaucluse St Richmond VIC 3121^^Registered^^10/08/2016^^TRUSTEES OF EDMUND RICE EDUCATION AUSTRALIA^^Other Incorporated Entity^^96372268340
Indooroopilly Montessori Children's House^^68 Kate St Indooroopilly QLD 4068^^68 Kate St Indooroopilly QLD 4068^^Registered^^11/03/2015^^Trustees of Edmund Rice Education Australia^^Other Incorporated Entity^^96372268340
St Josephs College Gregory  Terrace^^PO BOX 91 Richmond VIC 3121 Australia^^9 The Vaucluse St Richmond VIC 3121^^Registered^^10/08/2016^^TRUSTEES OF EDMUND RICE EDUCATION AUSTRALIA^^Other Incorporated Entity^^96372268340
St Edmunds College^^PO BOX 91 Richmond VIC 3121 Australia^^9 The Vaucluse St Richmond VIC 3121^^Registered^^10/08/2016^^TRUSTEES OF EDMUND RICE EDUCATION AUSTRALIA^^Other Incorporated Entity^^96372268340
St Brendans College^^PO BOX 91 Richmond VIC 3121 Australia^^9 The Vaucluse St Richmond VIC 3121^^Registered^^10/08/2016^^TRUSTEES OF EDMUND RICE EDUCATION AUSTRALIA^^Other Incorporated Entity^^96372268340
Ipswich Flexible Learning Centre^^PO BOX 91 Richmond VIC 3121 Australia^^9 The Vaucluse St Richmond VIC 3121^^Registered^^10/08/2016^^TRUSTEES OF EDMUND RICE EDUCATION AUSTRALIA^^Other Incorporated Entity^^96372268340
Ignatius Park College^^PO BOX 91 Richmond VIC 3121 Australia^^9 The Vaucluse Richmond VIC 3121^^Registered^^10/08/2016^^TRUSTEES OF EDMUND RICE EDUCATION AUSTRALIA^^Other Incorporated Entity^^96372268340
Mount Isa Flexible Learning Centre^^PO BOX 91 Richmond VIC 3121 Australia^^9 The Vaucluse St Richmond VIC 3121^^Registered^^10/08/2016^^TRUSTEES OF EDMUND RICE EDUCATION AUSTRALIA^^Other Incorporated Entity^^96372268340
Noosa Flexible Learning Centre^^PO BOX 91 Richmond VIC 3121 Australia^^9 The Vaucluse St Richmond VIC 3121^^Registered^^10/08/2016^^TRUSTEES OF EDMUND RICE EDUCATION AUSTRALIA^^Other Incorporated Entity^^96372268340
Flexible Accredited Meaningful Engagement Services^^PO BOX 91 Richmond VIC 3121 Australia^^9 The Vaucluse St Richmond VIC 3121^^Registered^^10/08/2016^^TRUSTEES OF EDMUND RICE EDUCATION AUSTRALIA^^Other Incorporated Entity^^96372268340
Edmund Rice Education Australia^^PO BOX 91 Richmond VIC 3121 Australia^^9 The Vaucluse St Richmond VIC 3121^^Registered^^10/08/2016^^TRUSTEES OF EDMUND RICE EDUCATION AUSTRALIA^^Other Incorporated Entity^^96372268340
Gympie Flexible Learning Centre^^PO BOX 91 Richmond VIC 3121 Australia^^9 The Vaucluse St Richmond VIC 3121^^Registered^^10/08/2016^^TRUSTEES OF EDMUND RICE EDUCATION AUSTRALIA^^Other Incorporated Entity^^96372268340
Ambrose Treacy College^^Twigg St Indooroopilly QLD 4068^^Twigg St Indooroopilly QLD 4068^^Registered^^31/08/2016^^TRUSTEES OF EDMUND RICE EDUCATION AUSTRALIA^^Other Incorporated Entity^^96372268340
Albert Park Flexible Learning Centre^^PO BOX 91 Richmond VIC 3121 Australia^^9 The Vaucluse St Richmond VIC 3121^^Registered^^10/08/2016^^TRUSTEES OF EDMUND RICE EDUCATION AUSTRALIA^^Other Incorporated Entity^^96372268340
Deception Bay Flexible Learning Centre^^PO BOX 91 Richmond VIC 3121 Australia^^9 The Vaucluse St Richmond VIC 3121^^Registered^^10/08/2016^^TRUSTEES OF EDMUND RICE EDUCATION AUSTRALIA^^Other Incorporated Entity^^96372268340
Centre Education Programme^^PO BOX 91 Richmond VIC 3121 Australia^^9 The Vaucluse St Richmond VIC 3121^^Registered^^10/08/2016^^TRUSTEES OF EDMUND RICE EDUCATION AUSTRALIA^^Other Incorporated Entity^^96372268340
Edmund Rice Education Australia - Flexible Learning Centre Network^^PO BOX 91 Richmond VIC 3121 Australia^^9 The Vaucluse St Richmond VIC 3121^^Registered^^24/11/2016^^TRUSTEES OF EDMUND RICE EDUCATION AUSTRALIA^^Other Incorporated Entity^^96372268340
Youth Plus^^PO BOX 91 Richmond VIC 3121 Australia^^9 The Vaucluse St Richmond VIC 3121^^Registered^^1/02/2017^^TRUSTEES OF EDMUND RICE EDUCATION AUSTRALIA^^Other Incorporated Entity^^96372268340
Nudgee College Bingo^^PO BOX 91 Richmond VIC 3121 Australia^^9 The Vaucluse St Richmond VIC 3121^^Registered^^24/11/2016^^TRUSTEES OF EDMUND RICE EDUCATION AUSTRALIA^^Other Incorporated Entity^^96372268340
Rivergum Theatre^^PO BOX 91 Richmond VIC 3121 Australia^^9 The Vaucluse St Richmond VIC 3121^^Registered^^24/11/2016^^TRUSTEES OF EDMUND RICE EDUCATION AUSTRALIA^^Other Incorporated Entity^^96372268340
Youth +^^9 The Vaucluse Richmond VIC 3121^^9 The Vaucluse Richmond VIC 3121^^Registered^^14/02/2017^^TRUSTEES OF EDMUND RICE EDUCATION AUSTRALIA^^Other Incorporated Entity^^96372268340
St Mary's Flexible Learning Centre^^63 Forrester Rd St Marys NSW 2760^^63 Forrester Rd St Marys NSW 2760^^Registered^^2/01/2018^^TRUSTEES OF EDMUND RICE EDUCATION AUSTRALIA^^Other Incorporated Entity^^96372268340
St. Patrick's College, Shorncliffe^^St Patricks College 60 Park Pde Shorncliffe QLD 4017^^St Patricks College 60 Park Pde Shorncliffe QLD 4017^^Registered^^15/12/2017^^TRUSTEES OF EDMUND RICE EDUCATION AUSTRALIA^^Other Incorporated Entity^^96372268340
St. James College Brisbane^^St. James College 201 Boundary Street St Brisbane QLD 4000^^201 Boundary Street St Brisbane QLD 4000^^Registered^^14/06/2017^^TRUSTEES OF EDMUND RICE EDUCATION AUSTRALIA^^Other Incorporated Entity^^96372268340
St Joseph's Flexible Learning Centre^^385 Queensberry St North Melbourne VIC 3051^^385 Queensberry St North Melbourne VIC 3051^^Registered^^2/01/2018^^TRUSTEES OF EDMUND RICE EDUCATION AUSTRALIA^^Other Incorporated Entity^^96372268340
St Francis Flexible Learning Centre^^PO BOX 1060 Chigwell TAS 7011 Australia^^115 Allunga Rd Chigwell TAS 7011^^Registered^^2/01/2018^^TRUSTEES OF EDMUND RICE EDUCATION AUSTRALIA^^Other Incorporated Entity^^96372268340
Geraldton Flexible Learning Centre^^PO BOX 2067 Geraldton WA 6531 Australia^^15 Bayly St Geraldton WA 6530^^Registered^^2/01/2018^^TRUSTEES OF EDMUND RICE EDUCATION AUSTRALIA^^Other Incorporated Entity^^96372268340
St Joseph's Catholic Flexible Learning Centre^^PO BOX 2991 Alice Springs NT 0871 Australia^^3 Wills Tce Alice Springs NT 0871^^Registered^^2/01/2018^^TRUSTEES OF EDMUND RICE EDUCATION AUSTRALIA^^Other Incorporated Entity^^96372268340
WOLLEMI FLEXI SCHOOLS NETWORK^^9 The Vaucluse . Richmond VIC 3121^^9 The Vaucluse . Richmond VIC 3121^^Registered^^1/08/2019^^TRUSTEES OF EDMUND RICE EDUCATION AUSTRALIA^^Other Incorporated Entity^^96372268340
Wollongong Flexible Learning Centre^^440-450 Princes Hwy Towradgi NSW 2518^^440-450 Princes Hwy Towradgi NSW 2518^^Registered^^2/01/2018^^TRUSTEES OF EDMUND RICE EDUCATION AUSTRALIA^^Other Incorporated Entity^^96372268340
AQUINAS COLLEGE, PERTH^^9 The Vaucluse . Richmond VIC 3121^^9 The Vaucluse . Richmond VIC 3121^^Registered^^12/08/2019^^TRUSTEES OF EDMUND RICE EDUCATION AUSTRALIA^^Other Incorporated Entity^^96372268340
SOUTHPORT FLEXIBLE LEARNING CENTRE^^9 The Vaucluse . Richmond VIC 3121^^9 The Vaucluse . Richmond VIC 3121^^Registered^^1/08/2019^^TRUSTEES OF EDMUND RICE EDUCATION AUSTRALIA^^Other Incorporated Entity^^96372268340
ROCKHAMPTON FLEXIBLE LEARNING CENTRE^^9 The Vaucluse . Richmond VIC 3121^^9 The Vaucluse . Richmond VIC 3121^^Registered^^1/08/2019^^TRUSTEES OF EDMUND RICE EDUCATION AUSTRALIA^^Other Incorporated Entity^^96372268340
CASA HOMES^^12 Trafford Rd Hope Valley SA 5090^^Hope Valley SA 5090^^Registered^^22/11/2013^^ADRIAN PABLO MAGNERA^^Person^^12965665280
Marlene Moore Flexi Schools Network^^PO BOX 2060 Milton QLD 4064 Australia^^1 Hale St Brisbane City QLD 4000^^Registered^^28/03/2019^^TRUSTEES OF EDMUND RICE EDUCATION AUSTRALIA^^Other Incorporated Entity^^96372268340
All property  supplies and services^^PO BOX 3537 Newmarket QLD 4051 Australia^^Kelvin Grove QLD 4059^^Registered^^18/05/2015^^CHRISTOPHER JAMES PHELAN^^Person^^31476293907
AlanH Consulting^^58 Loftus St Bonnells Bay NSW 2264^^Bonnells Bay NSW 2264^^Registered^^20/05/2019^^ALAN JOHN HOUSTON^^Person^^37504330793
All Type Shotcrete Shells^^140 Tapleys Hill Rd Royal Park SA 5014^^140 Tapleys Hill Rd Royal Park SA 5014^^Registered^^10/02/2015^^The Trustee for COMBLAS FAMILY TRUST^^Other Unincorporated Entity^^34567662704
Air Bliss^^35 Tobin Cres Woodcroft SA 5162^^Woodcroft SA 5162^^Registered^^6/02/2018^^ANDRZEJ JAN LOWCZAK^^Person^^44611242719
Adrian's Auto Detailing Mobile Service^^1 10 Lake St Lake Wendouree VIC 3350^^Lake Wendouree VIC 3350^^Registered^^6/07/2018^^ADRIAN WALLIS ZEHNWIRTH^^Person^^25874292705
